{
  "hash": "ffcff887",
  "configHash": "1c5f088b",
  "lockfileHash": "f5043c98",
  "browserHash": "b41acd96",
  "optimized": {
    "@angular/common/http": {
      "src": "../../../../../../node_modules/@angular/common/fesm2022/http.mjs",
      "file": "@angular_common_http.js",
      "fileHash": "313dcd50",
      "needsInterop": false
    },
    "@angular/core": {
      "src": "../../../../../../node_modules/@angular/core/fesm2022/core.mjs",
      "file": "@angular_core.js",
      "fileHash": "81cc1b6e",
      "needsInterop": false
    },
    "@angular/forms": {
      "src": "../../../../../../node_modules/@angular/forms/fesm2022/forms.mjs",
      "file": "@angular_forms.js",
      "fileHash": "b93b56a6",
      "needsInterop": false
    },
    "@angular/platform-browser": {
      "src": "../../../../../../node_modules/@angular/platform-browser/fesm2022/platform-browser.mjs",
      "file": "@angular_platform-browser.js",
      "fileHash": "dd622f81",
      "needsInterop": false
    },
    "@angular/router": {
      "src": "../../../../../../node_modules/@angular/router/fesm2022/router.mjs",
      "file": "@angular_router.js",
      "fileHash": "401d2e75",
      "needsInterop": false
    }
  },
  "chunks": {
    "chunk-FV4CEQKQ": {
      "file": "chunk-FV4CEQKQ.js"
    },
    "chunk-EHNGIVFP": {
      "file": "chunk-EHNGIVFP.js"
    },
    "chunk-P6OYDBRQ": {
      "file": "chunk-P6OYDBRQ.js"
    },
    "chunk-BV6YITCM": {
      "file": "chunk-BV6YITCM.js"
    },
    "chunk-L4BVHRDK": {
      "file": "chunk-L4BVHRDK.js"
    }
  }
}